{"a": 0.0846402420581813, "h": 0.026430903737863398, "e": 0.1077214991743204, "d": 0.03238907407423305, "i": 0.08956656328145186, "n": 0.07194786844181342, "g": 0.02364353762286115, "s": 0.0716182261294756, "l": 0.05577422019705857, "m": 0.030105042010795214, "r": 0.07043300177383047, "v": 0.009464339826886279, "k": 0.007672768197071162, "w": 0.006411714663674705, "o": 0.07199365209630477, "f": 0.011227868968325437, "c": 0.043775182798394256, "t": 0.06607010564864421, "u": 0.037627296443726026, "b": 0.018296292926110617, "y": 0.02019631458750215, "x": 0.003002549291111647, "j": 0.001561222618155451, "p": 0.032524422002823135, "z": 0.00422268368330645, "q": 0.001683407746079274}