{
        "a": [0.082, 0],
        "b": [0.015, 1],
        "c": [0.027, 2],
        "d": [0.043, 3],
        "e": [0.13, 4],
        "f": [0.022, 5],
        "g": [0.02, 6],
        "h": [0.052, 7],
        "i": [0.069, 8],
        "j": [0.0015, 9],
        "k": [0.0078, 10],
        "l": [0.041, 11],
        "m": [0.025, 12],
        "n": [0.067, 13],
        "o": [0.078, 14],
        "p": [0.019, 15],
        "q": [0.00076, 16],
        "r": [0.059, 17],
        "s": [0.062, 18],
        "t": [0.096, 19],
        "u": [0.027, 20],
        "v": [0.0097, 21],
        "w": [0.024, 22],
        "x": [0.0015, 23],
        "y": [0.02, 24],
        "z": [0.00074, 25]

    }