{"a": 2.7088388113717553e-08, "h": 8.458985480634577e-09, "e": 3.447534774084974e-08, "d": 1.0365847117541008e-08, "i": 2.8665015236039188e-08, "n": 2.3026302110133766e-08, "g": 7.56691271120294e-09, "s": 2.292080289748771e-08, "l": 1.7850063831331284e-08, "m": 9.634862121585426e-09, "r": 2.254148194368565e-08, "v": 3.0289813005801642e-09, "k": 2.4556040693501597e-09, "w": 2.0520146334724037e-09, "o": 2.3040954778556828e-08, "f": 3.593383772401043e-09, "c": 1.4009874175179265e-08, "t": 2.1145174222145337e-08, "u": 1.2042295543494766e-08, "b": 5.8555726185667636e-09, "y": 6.4636583581239016e-09, "x": 9.609403110200352e-10, "j": 4.996559932264665e-10, "p": 1.040916406856669e-08, "z": 1.3514339244946786e-09, "q": 5.387603020805173e-10, "aa": 8.161057673074431e-05, "ah": 0.00046374010071705294, "he": 0.006016139691704045, "ed": 0.009882240738399696, "hi": 0.004736613865156924, "in": 0.019486685474437486, "ng": 0.009509712458734653, "hs": 0.00026755467508589114, "al": 0.012980562280871601, "li": 0.010528404481220766, "ii": 0.0001853040154003959, "is": 0.011682154007159327, "ls": 0.0009492430218956377, "am": 0.0036654350403812334, "an": 0.01281542087854586, "ni": 0.007133084447744428, "ar": 0.010162597072580607, "rd": 0.0018136750522867763, "dv": 0.00012001555401580045, "va": 0.0016066082164248486, "rk": 0.0006167199269025266, "ks": 0.0005664734149545781, "dw": 0.0001581004898234811, "wo": 0.0010388546355607686, "ol": 0.00585547887006156, "lf": 0.0003027592375971926, "lv": 0.00034884521033926, "ve": 0.005679136016027677, "es": 0.015019546533230706, "rg": 0.0010420550503345233, "gh": 0.00091659879120334, "ro": 0.00995328994637705, "on": 0.015063392215631145, "ic": 0.011521173144039467, "ca": 0.007448325302959263, "it": 0.007954310878689879, "te": 0.014155114502839568, "ti": 0.015888459144305103, "rr": 0.0018408785778636911, "hh": 3.5844645466052404e-05, "ru": 0.0019429718091464655, "as": 0.005324530059095659, "sv": 4.1605392058810824e-05, "vo": 0.0008180260161716958, "og": 0.0034151626050736177, "ge": 0.003813614244406075, "el": 0.0062683323758759135, "ab": 0.004236389036019068, "ba": 0.0027795602310059383, "bd": 0.00014465874777371148, "de": 0.007088278640911863, "eh": 0.00046758059844555856, "bu": 0.0014865926624090483, "ua": 0.0013217713015606823, "ac": 0.005767787505260682, "ay": 0.0008356282974273466, "at": 0.013459664372502676, "ax": 0.00041157333990485165, "xi": 0.0006848887615835013, "ci": 0.0036743962017477465, "na": 0.005963652889414468, "io": 0.007053074078400561, "sc": 0.0030464748231370784, "cu": 0.0024809615326146267, "us": 0.006348662786697156, "st": 0.010920455291005715, "ck": 0.002088270639874928, "cl": 0.0016283710368863804, "co": 0.0077312419689591775, "ot": 0.004126614809279282, "ct": 0.0032970672999220697, "er": 0.021350927080149587, "ri": 0.011400517507068915, "ia": 0.006613977171441418, "ll": 0.006002697949654275, "ly": 0.006463557677074949, "to": 0.006835125832307867, "or": 0.009220074921709854, "ul": 0.0045125848309940965, "lu": 0.0021529190183047723, "se": 0.0066693443470273745, "ad": 0.003073998390191369, "da": 0.002764838323046667, "dd": 0.0005831155717781024, "do": 0.0026617849673317663, "ej": 0.00012673642504068528, "jo": 0.00032900263874198097, "en": 0.012301114224403482, "go": 0.0015496408334520154, "di": 0.006192482545737928, "af": 0.0006871290519251295, "ff": 0.0009799670037236826, "ft": 0.00039013056092069534, "ya": 0.0006701668536242297, "ai": 0.002108433252949582, "sa": 0.0029677446197027136, "nc": 0.0043099985758154255, "ce": 0.004769578137326597, "ss": 0.006675745176574884, "ak": 0.0009770866304273033, "ka": 0.000751777430354974, "la": 0.008017679091210221, "ie": 0.004297196916720407, "lo": 0.006062545705923488, "ne": 0.010325178143087345, "ma": 0.006287214823041066, "mp": 0.002214366981960862, "pe": 0.0055107941989281815, "re": 0.01280902004899835, "ps": 0.0012388805589204361, "nd": 0.0048230250640483, "bl": 0.003972034775706932, "le": 0.011065434080256802, "dl": 0.0009655651372417866, "ee": 0.002340143282569421, "rs": 0.0037947317972409226, "nm": 0.0005139866126650014, "me": 0.0060414229684167065, "nt": 0.009451784951329692, "ts": 0.0018146351767189027, "ns": 0.004644121878195414, "du": 0.001099342474784732, "um": 0.0028096441298792324, "et": 0.005800751777430355, "ga": 0.0024684799149969835, "nn": 0.0012638437941557225, "ap": 0.0033802780840396915, "pi": 0.003293866885148315, "pt": 0.0014667500908117693, "tu": 0.0023366228263182907, "ra": 0.011270580667254476, "mb": 0.0013864196799905268, "bo": 0.0022297289728748847, "rt": 0.0027011500690489487, "th": 0.0052880453306748555, "hr": 0.001305769227691909, "os": 0.005000968125469061, "si": 0.005794670989360221, "dn": 0.00045573906378266625, "em": 0.004072527799602829, "sg": 8.545107445924992e-05, "gi": 0.0027289936775806143, "sh": 0.0035835044221731137, "hl": 0.0005712740371152101, "sl": 0.0012014357060675064, "hm": 0.00028931749554742296, "sk": 0.0005840756962102289, "ta": 0.006758315877737755, "iz": 0.0026832277463159225, "ze": 0.002013060892691693, "tr": 0.00651924489413828, "ag": 0.002734754424173373, "tj": 2.1442778984156347e-05, "ou": 0.006246569555414382, "ur": 0.004553870181575532, "tt": 0.0018645616471894757, "oi": 0.0018613612324157212, "ir": 0.002332142245635034, "ue": 0.001104783179900115, "au": 0.001746466342037928, "av": 0.0011185449634272602, "il": 0.005110422310731471, "az": 0.00047174113765143964, "bb": 0.0005475909677894255, "cy": 0.00113902761797929, "om": 0.005450306359704218, "id": 0.0046140379793221204, "ye": 0.0005421502626740426, "no": 0.006536527133916555, "be": 0.0028352474480692696, "ey": 0.0005578322950654405, "ys": 0.001169751599807335, "ea": 0.004813743861204412, "ev": 0.0010833404009159588, "vi": 0.0021638004285355382, "by": 0.00019074472051577884, "bi": 0.0028522096463701697, "oc": 0.003490052310779477, "cc": 0.0007632989235404909, "tc": 0.0005690337467735818, "tn": 0.00022946973927821045, "nu": 0.0010564569168164193, "iu": 0.000717532992275799, "ip": 0.002249891585949539, "oz": 0.00024355156428273106, "zz": 0.00018146351767189028, "zo": 0.0005914366501898646, "br": 0.0019506528046034767, "ry": 0.0024268745229381727, "oa": 0.0011735920975358407, "ch": 0.006343862164536524, "bc": 0.00012481617617643247, "iv": 0.0026790672071100416, "mi": 0.005796591238224474, "oh": 0.00032900263874198097, "hy": 0.0026153789531123232, "ec": 0.004218146671808667, "my": 0.0008973963025608119, "op": 0.004762537224824337, "po": 0.004024201536519133, "py": 0.0005722341615473365, "ho": 0.004751655814593571, "ov": 0.0020469852892934922, "uc": 0.001448827768078743, "dg": 0.00032932268021935643, "eg": 0.0013467345367959688, "gg": 0.0006762476416943636, "ei": 0.0013973010902212928, "ig": 0.0022530920007232938, "lm": 0.00044773802684827956, "mo": 0.003977155439344939, "hu": 0.0008964361781286854, "mu": 0.0012827262413208753, "lt": 0.0011358272032055354, "ds": 0.0008695526940291462, "ep": 0.0027555571202027783, "ym": 0.0007677795042237474, "uv": 0.00014401866481896053, "rn": 0.0013787386845335156, "tl": 0.001110863967970249, "un": 0.00883826543920092, "tm": 0.00028227658304516264, "bf": 4.608597274206737e-05, "fa": 0.001139667700934041, "bh": 5.984775626921249e-05, "nr": 0.000666966438850475, "ek": 0.00022242882677595016, "ib": 0.001494593699343435, "so": 0.0028246860793158792, "gl": 0.001811434761945148, "gn": 0.0008900353485811761, "ae": 0.0019621742977889932, "eo": 0.001752547130108062, "ez": 0.00014401866481896053, "eu": 0.0014369862334158508, "yi": 0.00046117976889804916, "ao": 0.00012449613469905698, "im": 0.0026701060457435285, "ty": 0.0023567854393929453, "ny": 0.0005597525439296933, "gy": 0.0006605656093029656, "ph": 0.005365175326722343, "sm": 0.0023315021626802834, "ms": 0.000592396774621991, "ob": 0.0015310784277642383, "su": 0.003346353687437892, "bj": 8.193061820811977e-05, "je": 0.0003376437586311186, "ju": 0.0004682206814003095, "ud": 0.0011710317657168368, "ug": 0.0007568980939929815, "bk": 1.1521493185516843e-05, "kh": 0.00014881928697959255,