{
    "prefix" : {
        "exa" : 1e18,
        "peta" : 1e15,
        "tera" : 1e12,
        "giga" : 1e9,
        "mega" : 1e6,
        "kilo" : 1e3,
        "hecto" : 1e2,
        "deca" : 10,
        "deci" : 0.1,
        "centi" : 0.01,
        "mili" : 1e-3,
        "micro" : 1e-6,
        "nano" : 1e-9,
        "pico" : 1e-12,
        "femto" : 1e-15,
        "atto" : 1e-18

    },
    

    "distance": {
        "fm" : [2, 1000, 1, 0.001, 0.000001, 0.000000001, 1E-12, 1E-13, 1E-15, 1E-18, 1E-21, 1E-24, 1E-27, 1E-30, 1E-33, 3.93701E-14, 3.28084E-15, 1.09361E-15, 6.21371E-19, 5.39957E-19, 6.68459E-27, 1.057E-31],
        "pm" : [3, 1000000, 1000, 1, 0.001, 0.000001, 0.000000001, 1E-10, 1E-12, 1E-15, 1E-18, 1E-21, 1E-24, 1E-27, 1E-30, 3.93701E-11, 3.28084E-12, 1.09361E-12, 6.21371E-16, 5.39957E-16, 6.68459E-24, 1.057E-28],
        "nm" : [4, 1000000000, 1000000, 1000, 1, 0.001, 0.000001, 0.0000001, 0.000000001, 1E-12, 1E-15, 1E-18, 1E-21, 1E-24, 1E-27, 3.93701E-08, 3.28084E-09, 1.09361E-09, 6.21371E-13, 5.39957E-13, 6.68459E-21, 1.057E-25],
        "um" : [5, 1E+12, 1000000000, 1000000, 1000, 1, 0.001, 0.0001, 0.000001, 0.000000001, 1E-12, 1E-15, 1E-18, 1E-21, 1E-24, 3.93701E-05, 3.28084E-06, 1.09361E-06, 6.21371E-10, 5.39957E-10, 6.68459E-18, 1.057E-22],
        "mm" : [6, 1E+15, 1E+12, 1000000000, 1000000, 1000, 1, 0.1, 0.001, 0.000001, 0.000000001, 1E-12, 1E-15, 1E-18, 1E-21, 0.039370079, 0.00328084, 0.00109361, 6.21371E-07, 5.39957E-07, 6.68459E-15, 1.057E-19],
        "cm" : [7, 1E+16, 1E+13, 10000000000, 10000000, 10000, 10, 1, 0.01, 0.00001, 0.00000001, 1E-11, 1E-14, 1E-17, 1E-20, 0.393700787, 0.0328084, 0.0109361, 6.21371E-06, 5.39957E-06, 6.68459E-14, 1.057E-18],
        "m" :  [8, 1E+18, 1E+15, 1E+12, 1000000000, 1000000, 1000, 100, 1, 0.001, 0.000001, 0.000000001, 1E-12, 1E-15, 1E-18, 39.3700787, 3.28084, 1.09361, 0.000621371, 0.000539957, 6.68459E-12, 1.057E-16],
        "km" : [9, 1E+21, 1E+18, 1E+15, 1E+12, 1000000000, 1000000, 100000, 1000, 1, 0.001, 0.000001, 0.000000001, 1E-12, 1E-15, 39370.0787, 3280.84, 1093.61, 0.621371, 0.539957, 6.68459E-09, 1.057E-13],
        "in" : [15, 2.54E+16, 2.54E+13, 25400000026, 25400000.03, 25400.00003, 25.40000003, 2.540000003, 0.0254, 2.54E-05, 2.54E-08, 2.54E-11, 2.54E-14, 2.54E-17, 2.54E-20, 1, 0.083333336, 0.027777694, 1.57828E-05, 1.37149E-05, 1.69789E-13, 2.68478E-18],
        "ft" : [16, 3.048E+17, 3.048E+14, 3.048E+11, 304799990.2, 304799.9902, 304.7999902, 30.47999902, 0.30479999, 0.0003048, 3.048E-07, 3.048E-10, 3.048E-13, 3.048E-16, 3.048E-19, 11.9999996, 1, 0.333332317, 0.000189394, 0.000164579, 2.03746E-12, 3.22174E-17],
        "yd" : [17, 9.14403E+17, 9.14403E+14, 9.14403E+11, 914402757.8, 914402.7578, 914.4027578, 91.44027578, 0.914402758, 0.000914403, 9.14403E-07, 9.14403E-10, 9.14403E-13, 9.14403E-16, 9.14403E-19, 36.00010854, 3.000009144, 1, 0.000568183, 0.000493738, 6.11241E-12, 9.66524E-17],
        "mi" : [18, 1.60934E+21, 1.60934E+18, 1.60934E+15, 1.60934E+12, 1609344498, 1609344.498, 160934.4498, 1609.344498, 1.609344498, 0.001609344, 1.60934E-06, 1.60934E-09, 1.60934E-12, 1.60934E-15, 63360.01954, 5280.001802, 1759.995236, 1, 0.868976827, 1.07578E-08, 1.70108E-13],
        "nmi" :[19, 1.852E+21, 1.852E+18, 1.852E+15, 1.852E+12, 1851999326, 1851999.326, 185199.9326, 1851.999326, 1.851999326, 0.001851999, 1.852E-06, 1.852E-09, 1.852E-12, 1.852E-15, 72913.35921, 6076.113468, 2025.364983, 1.150778673, 1, 1.23799E-08, 1.95756E-13],
        "au" : [20, 1.49598E+29, 1.49598E+26, 1.49598E+23, 1.49598E+20, 1.49598E+17, 1.49598E+14, 1.49598E+13, 1.49598E+11, 149597806.3, 149597.8063, 149.5978063, 0.149597806, 0.000149598, 1.49598E-07, 5.88968E+12, 4.90806E+11, 1.63602E+11, 92955738.5, 80776382.7, 1, 1.58125E-05],
        "ly" : [21, 9.46074E+33, 9.46074E+30, 9.46074E+27, 9.46074E+24, 9.46074E+21, 9.46074E+18, 9.46074E+17, 9.46074E+15, 9.46074E+12, 9460737938, 9460737.938, 9460.737938, 9.460737938, 0.009460738, 3.7247E+17, 3.10392E+16, 1.03464E+16, 5.87863E+12, 5.10839E+12, 63241.15421, 1]
    },

    "mass": {
        "fg" : [1, 1, 0.001, 0.000001, 0.000000001, 1E-12, 1E-15, 1E-18, 3.5274E-17, 2.20462E-18, 1.57473E-19, 1E-21, 1.10231E-21, 9.84207E-22],
        "pg" : [2, 1000, 1, 0.001, 0.000001, 0.000000001, 1E-12, 1E-15, 3.5274E-14, 2.20462E-15, 1.57473E-16, 1E-18, 1.10231E-18, 9.84207E-19],
        "ng" : [3, 1000000, 1000, 1, 0.001, 0.000001, 0.000000001, 1E-12, 3.5274E-11, 2.20462E-12, 1.57473E-13, 1E-15, 1.10231E-15, 9.84207E-16],
        "ug" : [4, 1000000000, 1000000, 1000, 1, 0.001, 0.000001, 0.000000001, 3.5274E-08, 2.20462E-09, 1.57473E-10, 1E-12, 1.10231E-12, 9.84207E-13],
        "mg" : [5, 1E+12, 1000000000, 1000000, 1000, 1, 0.001, 0.000001, 0.000035274, 2.20462E-06, 1.57473E-07, 0.000000001, 1.10231E-09, 9.84207E-10],
        "g" :  [6, 1E+15, 1E+12, 1000000000, 1000000, 1000, 1, 0.001, 0.035274, 0.002204625, 0.000157473, 0.000001, 1.10231E-06, 9.84207E-07],
        "kg" : [7, 1E+18, 1E+15, 1E+12, 1000000000, 1000000, 1000, 1, 35.274, 2.204625, 0.157473, 0.001, 0.00110231, 0.000984207],
        "oz" : [8, 2.83495E+16, 2.83495E+13, 28349492544, 28349492.54, 28349.49254, 28.34949254, 0.028349493, 1, 0.0625, 0.00446428, 2.83495E-05, 3.12499E-05, 2.79018E-05],
        "lb" : [9, 4.53592E+17, 4.53592E+14, 4.53592E+11, 453591880.7, 453591.8807, 453.5918807, 0.453591881, 16, 1, 0.071428474, 0.000453592, 0.000499999, 0.000446428],
        "st" : [10, 6.35029E+18, 6.35029E+15, 6.35029E+12, 6350294971, 6350294.971, 6350.294971, 6.350294971, 224.0003048, 14.00001905, 1, 0.006350295, 0.006999994, 0.006250005],
        "tonne" : [11, 1E+21, 1E+18, 1E+15, 1E+12, 1000000000, 1000000, 1000, 35274, 2204.625, 157.473, 1, 1.10231, 0.984207],
        "short-ton" :[12, 9.07186E+20, 9.07186E+17, 9.07186E+14, 9.07186E+11, 907185818.9, 907185.8189, 907.1858189, 32000.07257, 2000.004536, 142.8572725, 0.907185819, 1, 0.892858633],
        "long-tonne" : [13, 1.01605E+21, 1.01605E+18, 1.01605E+15, 1.01605E+12, 1016046421, 1016046.421, 1016.046421, 35840.02146, 2240.001341, 159.9998781, 1.016046421, 1.11999813, 1]
    },

    "storage" : {
        "b" :  [1, 1, 0.000976563, 9.53674E-07, 9.31323E-10, 9.09495E-13, 8.88178E-16, 8.67362E-19, 0.125, 0.00012207, 1.19209E-07, 1.16415E-10, 1.13687E-13, 1.11022E-16, 1.0842E-19],
        "Kb" : [2, 1024, 1, 0.000976563, 9.53674E-07, 9.31323E-10, 9.09495E-13, 8.88178E-16, 128, 0.125, 0.00012207, 1.19209E-07, 1.16415E-10, 1.13687E-13, 1.11022E-16],
        "Mb" : [3, 1048576, 1024, 1, 0.000976563, 9.53674E-07, 9.31323E-10, 9.09495E-13, 131072, 128, 0.125, 0.00012207, 1.19209E-07, 1.16415E-10, 1.13687E-13],
        "Gb" : [4, 1073741824, 1048576, 1024, 1, 0.000976563, 9.53674E-07, 9.31323E-10, 134217728, 131072, 128, 0.125, 0.00012207, 1.19209E-07, 1.16415E-10],
        "Tb" : [5, 1.09951E+12, 1073741824, 1048576, 1024, 1, 0.000976563, 9.53674E-07, 1.37439E+11, 134217728, 131072, 128, 0.125, 0.00012207, 1.19209E-07],
        "Pb" : [6, 1.1259E+15, 1.09951E+12, 1073741824, 1048576, 1024, 1, 0.000976563, 1.40737E+14, 1.37439E+11, 134217728, 131072, 128, 0.125, 0.00012207],
        "Eb" : [7, 1.15292E+18, 1.1259E+15, 1.09951E+12, 1073741824, 1048576, 1024, 1, 1.44115E+17, 1.40737E+14, 1.37439E+11, 134217728, 131072, 128, 0.125],
        "B" :  [8, 8, 0.0078125, 7.62939E-06, 7.45058E-09, 7.27596E-12, 7.10543E-15, 6.93889E-18, 1, 0.000976563, 9.53674E-07, 9.31323E-10, 9.09495E-13, 8.88178E-16, 8.67362E-19],
        "KB" : [9, 8192, 8, 0.0078125, 7.62939E-06, 7.45058E-09, 7.27596E-12, 7.10543E-15, 1024, 1, 0.000976563, 9.53674E-07, 9.31323E-10, 9.09495E-13, 8.88178E-16],
        "MB" : [10, 8388608, 8192, 8, 0.0078125, 7.62939E-06, 7.45058E-09, 7.27596E-12, 1048576, 1024, 1, 0.000976563, 9.53674E-07, 9.31323E-10, 9.09495E-13],
        "GB" : [11, 8589934592, 8388608, 8192, 8, 0.0078125, 7.62939E-06, 7.45058E-09, 1073741824, 1048576, 1024, 1, 0.000976563, 9.53674E-07, 9.31323E-10],